,Company,Product,TypeName,Inches,ScreenResolution,Cpu,Ram,Memory,Gpu,OpSys,Weight,Price_euros
0,1,1,1,13.3,1,1,8,1,1,1,1.37,1339.69
1,1,2,1,13.3,2,2,8,2,2,1,1.34,898.94
2,2,3,2,15.6,3,3,8,3,3,2,1.86,575.0
3,1,1,1,15.4,4,4,16,4,4,1,1.83,2537.45
4,1,1,1,13.3,1,5,8,3,5,1,1.37,1803.6
5,3,4,2,15.6,5,6,4,5,6,3,2.1,400.0
6,1,1,1,15.4,4,7,16,6,7,4,2.04,2139.97
7,1,2,1,13.3,2,2,8,6,2,1,1.34,1158.7
8,4,5,1,14.0,3,8,16,4,8,3,1.3,1495.0
9,3,6,1,14.0,6,9,8,3,9,3,1.6,770.0
10,2,3,2,15.6,5,3,4,5,3,2,1.86,393.9
11,2,3,2,15.6,3,10,4,5,10,2,1.86,344.99
12,1,1,1,15.4,4,11,16,3,11,1,1.83,2439.97
13,5,7,2,15.6,3,10,4,3,12,3,2.2,498.9
14,1,8,1,12.0,7,12,8,3,13,1,0.92,1262.4
15,1,1,1,13.3,1,1,8,3,1,1,1.37,1518.55
16,5,7,2,15.6,3,13,8,3,12,3,2.2,745.0
17,1,1,1,15.4,4,14,16,4,14,1,1.83,2858.0
18,6,9,2,15.6,3,15,8,7,15,2,2.2,499.0
19,5,10,1,13.3,8,9,8,1,9,3,1.22,979.0
20,4,11,3,11.6,5,16,2,8,16,3,0.98,191.9
21,6,12,4,15.6,6,17,8,9,17,3,2.5,999.0
22,2,13,2,15.6,5,18,4,5,18,2,1.86,258.0
23,5,14,5,13.3,9,9,8,3,9,3,1.62,819.0
24,2,15,1,15.6,3,8,8,3,3,3,1.91,659.0
25,5,7,2,15.6,5,10,4,7,10,3,2.3,418.64
26,1,16,1,13.3,2,19,8,2,2,4,1.35,1099.0
27,5,17,2,15.6,3,9,8,3,19,3,2.2,800.0
28,5,18,1,15.6,3,20,8,10,9,3,1.88,1298.0
29,2,19,2,17.3,3,9,8,7,20,3,2.5,896.0
30,7,20,2,15.6,3,21,4,11,21,3,1.89,244.99
31,4,21,2,14.0,5,22,2,8,18,3,1.65,199.0
32,2,22,2,17.3,3,23,4,5,19,3,2.71,439.0
33,5,10,1,13.3,10,8,16,4,9,3,1.2,1869.0
34,1,16,1,13.3,2,19,8,6,2,4,1.35,998.0
35,6,23,2,14.0,5,24,4,11,22,3,1.44,249.0
36,3,4,2,15.6,5,25,4,7,3,5,2.1,367.0
37,5,24,2,17.3,6,9,8,9,19,3,2.8,979.0
38,2,3,2,15.6,5,3,4,7,3,3,1.86,488.69
39,2,25,2,15.6,3,9,8,3,23,3,2.1,879.0
40,4,26,2,15.6,3,10,4,7,3,5,2.0,389.0
41,5,27,4,15.6,6,26,16,12,24,3,2.65,1499.0
42,4,28,2,15.6,5,3,8,7,15,5,2.3,522.99
43,3,29,2,15.6,6,9,4,3,9,3,2.2,682.0
44,5,30,5,17.3,9,9,12,7,25,3,2.77,999.0
45,1,1,1,13.3,1,27,8,3,26,1,1.37,1419.0
46,6,31,2,15.6,5,10,4,1,10,2,2.2,369.0
47,4,32,4,17.3,3,28,8,12,27,3,3.2,1299.0
48,5,7,2,15.6,3,3,4,3,12,3,2.3,639.0
49,4,33,2,17.3,5,29,4,7,28,3,2.8,466.0
50,6,34,5,10.1,11,30,4,11,16,6,0.69,319.0
51,3,29,2,15.6,6,8,8,3,8,3,2.2,841.0
52,2,13,2,15.6,3,23,4,3,29,3,1.86,398.49
53,2,35,2,13.3,3,8,8,4,9,3,1.49,1103.0
54,3,4,2,15.6,5,15,4,7,3,3,2.4,384.0
55,5,36,2,15.6,3,8,8,3,30,3,2.13,767.8
56,2,37,2,15.6,3,10,4,1,10,3,1.91,439.0
57,4,38,2,15.6,5,3,4,3,3,3,2.0,586.19
58,8,39,4,17.3,3,26,16,13,31,3,2.43,2449.0
59,4,40,2,15.6,3,10,4,3,10,5,2.0,415.0
60,5,24,2,17.3,3,8,16,13,19,3,2.8,1299.0
61,5,41,1,14.0,3,9,8,3,9,3,1.7,879.0
62,6,42,2,14.0,6,25,8,3,3,2,1.7,599.0
63,4,43,2,14.0,3,9,8,3,9,3,1.4,941.0
64,2,3,2,15.6,3,3,8,3,3,3,1.86,690.0
65,4,44,1,15.6,3,26,16,4,32,3,1.8,1983.0
66,2,3,2,15.6,5,10,4,5,30,3,1.86,438.69
67,2,45,2,14.0,5,31,4,14,16,3,1.44,229.0
68,6,46,2,15.6,3,3,4,7,3,3,1.9,549.0
69,4,47,4,17.3,3,26,12,7,32,5,3.0,949.0
70,9,48,1,13.5,12,3,4,1,3,7,1.252,1089.0
71,5,49,1,13.3,6,8,8,3,19,3,1.4,955.0
72,5,17,2,15.6,3,8,8,3,19,3,2.2,870.0
73,8,50,4,17.3,3,17,8,9,17,3,2.7,1095.0
74,3,51,2,14.0,5,10,8,7,10,3,2.1,389.0
75,4,52,4,15.6,3,26,8,7,17,3,2.2,949.0
76,6,53,2,15.6,3,3,8,15,3,2,2.2,519.0
77,5,17,2,15.6,3,8,8,9,9,3,2.02,855.0
78,3,54,2,15.6,3,25,4,7,33,3,2.2,530.0
79,2,19,2,17.3,3,9,8,9,20,3,2.5,977.0
80,5,18,1,15.6,6,9,8,3,9,3,1.88,1096.16
81,1,8,1,12.0,7,32,8,4,13,1,0.92,1510.0
82,2,55,2,14.0,3,9,8,3,3,3,1.63,860.0
83,6,56,2,15.6,3,23,4,1,34,3,2.2,399.0
84,3,4,2,15.6,5,6,4,7,6,3,2.1,395.0
85,5,27,4,15.6,6,26,16,9,32,3,2.65,1349.0
86,2,57,1,15.6,6,8,8,3,35,3,1.83,699.0
87,2,3,2,15.6,3,3,8,3,3,3,1.96,598.99
88,4,58,4,15.6,6,26,16,9,24,3,2.2,1449.0
89,5,10,1,13.3,6,8,8,3,9,3,1.21,1649.0
90,4,59,4,15.6,3,33,8,7,36,3,2.45,699.0
91,3,60,2,15.6,3,8,8,7,8,3,2.2,689.0
92,2,61,2,13.3,3,8,16,4,9,3,1.49,1197.0
93,5,27,4,15.6,3,17,8,3,24,3,2.65,1195.0
94,4,62,1,14.0,3,13,8,3,3,3,1.25,1049.0
95,3,63,5,13.3,8,9,8,3,9,3,1.5,847.0
96,5,7,2,15.6,3,13,8,7,12,5,2.2,599.9
97,5,7,2,15.6,3,10,4,3,12,5,2.2,485.0
98,4,64,2,15.6,3,15,6,3,37,3,2.0,577.0
99,2,65,4,15.6,6,26,12,9,17,3,2.62,1249.0
100,2,66,2,15.6,3,13,8,3,19,3,1.91,719.0
101,2,67,2,15.6,3,18,4,5,18,3,2.1,349.0
102,5,36,2,15.6,3,9,8,7,30,5,2.2,647.0
103,2,68,1,13.3,6,13,8,3,8,3,1.38,1119.0
104,9,48,1,13.5,12,3,8,3,3,7,1.252,1340.0
105,2,69,2,14.0,6,3,6,3,15,3,1.58,659.0
106,6,70,2,15.6,3,10,4,7,10,3,1.85,414.9
107,4,71,1,14.0,6,13,8,3,15,3,1.3,1193.0
108,8,72,4,15.6,3,26,16,12,32,3,2.2,1299.0
109,6,73,2,14.0,6,13,8,3,3,3,1.58,1480.0
110,4,74,1,15.6,3,8,16,12,8,3,1.5,1262.0
111,5,10,1,13.3,13,34,8,3,1,3,1.23,1379.0
112,6,75,5,13.3,8,3,8,3,3,3,1.37,1399.0
113,2,76,2,14.0,14,9,4,5,9,3,1.63,722.0
114,5,10,1,13.3,6,9,8,3,9,3,1.21,1629.0
115,2,77,5,13.3,8,9,8,3,9,3,1.26,1398.99
116,2,76,2,14.0,3,8,8,4,9,3,1.63,1084.0
117,5,78,2,15.6,6,8,8,12,15,3,2.16,1130.33
118,4,79,2,17.3,3,10,4,7,28,3,2.0,564.0
119,4,74,2,15.6,3,8,8,3,15,3,1.7,1118.0
120,3,80,2,15.6,8,15,6,7,3,3,2.1,479.0
121,8,81,4,15.6,3,26,16,13,31,3,1.8,2241.5
122,6,53,2,15.6,3,3,8,3,15,2,2.2,629.0
123,2,82,2,17.3,3,8,16,4,23,3,2.5,1271.0
124,3,4,2,15.6,5,6,4,3,6,3,2.1,451.0
125,2,3,2,15.6,5,31,4,5,16,2,1.86,259.0
126,2,76,2,14.0,3,9,8,7,9,3,1.63,812.0
127,4,83,2,14.0,5,35,4,16,18,7,1.65,277.99
128,5,24,2,17.3,3,8,16,13,19,3,2.8,1396.0
129,2,19,2,17.3,3,9,8,3,9,3,2.5,928.0
130,5,84,2,15.6,5,3,8,7,38,3,2.36,638.99
131,5,7,2,15.6,3,10,4,7,12,3,2.2,449.0
132,3,6,1,14.0,6,8,8,3,9,3,1.6,884.0
133,3,85,2,15.6,3,25,4,3,33,3,2.2,572.0
134,2,86,2,15.6,5,13,8,7,3,3,2.05,598.0
135,2,76,2,14.0,3,8,8,3,9,3,1.63,988.0
136,6,87,2,15.6,5,24,4,7,22,2,1.9,252.36
137,4,88,4,17.3,3,17,8,9,17,3,3.0,938.0
138,6,53,2,15.6,3,3,4,7,28,2,2.2,499.0
139,2,89,2,13.3,6,3,4,3,3,3,1.32,699.0
140,3,60,2,17.3,6,25,4,7,33,3,3.0,655.0
141,6,90,2,14.0,6,9,8,3,39,3,1.75,1116.02
142,6,12,4,15.6,6,26,8,3,40,2,2.4,869.0
143,10,91,2,15.6,5,36,4,5,10,3,2.1,602.0
144,2,13,2,15.6,5,23,4,3,29,3,1.86,369.0
145,4,92,1,14.0,3,8,8,3,9,3,1.25,1099.0
146,2,93,1,12.5,15,37,8,4,41,3,0.97,2014.0
147,4,94,2,15.6,3,24,4,7,22,3,2.0,344.0
148,8,95,4,17.3,3,26,16,12,31,3,2.9,2029.0
149,3,96,2,15.6,5,10,4,7,10,3,2.1,447.0
150,5,97,4,15.6,3,26,16,4,17,3,2.56,1249.26
151,5,98,4,15.6,3,26,8,17,17,3,2.62,899.0
152,6,99,2,15.6,5,3,4,1,3,3,1.9,498.0
153,8,100,4,17.3,3,26,16,12,24,3,2.8,1890.0
154,2,101,1,14.0,3,38,4,3,3,3,1.48,1082.0
155,2,102,2,15.6,3,9,6,3,30,3,1.91,619.0
156,6,103,5,14.0,8,15,4,3,3,3,1.74,629.0
157,4,104,5,13.3,9,9,8,3,3,3,1.1,1315.0
158,5,105,5,15.6,9,8,8,3,9,3,1.56,1049.0
159,10,91,2,15.6,5,39,4,5,10,3,2.1,447.0
160,4,106,2,15.6,5,6,4,7,42,3,2.03,403.0
161,3,107,2,17.3,6,9,4,3,8,3,3.0,805.0
162,5,36,2,15.6,3,9,8,3,30,3,2.13,728.0
163,6,12,4,15.6,6,26,16,3,32,3,2.5,1079.0
164,3,108,2,15.6,5,24,4,7,22,3,2.1,348.0
165,8,109,4,15.6,6,26,16,12,24,3,2.4,1799.0
166,3,4,2,15.6,5,29,4,7,43,3,2.1,363.51
167,5,97,4,15.6,3,26,8,9,17,3,2.56,1060.49
168,3,107,2,17.3,6,9,8,3,8,3,3.0,854.0
169,2,35,2,13.3,6,9,4,5,9,3,1.49,754.0
170,11,110,1,13.0,16,3,8,3,3,3,1.05,1349.0
171,2,111,2,17.3,6,3,6,15,30,3,2.71,699.0
172,6,56,2,15.6,5,40,4,5,29,2,2.2,309.0
173,10,91,2,15.6,5,15,4,5,3,3,2.0,489.0
174,2,19,2,17.3,3,9,8,3,20,3,2.5,923.0
175,5,7,2,15.6,5,15,8,7,3,3,2.3,459.0
176,3,96,2,15.6,5,10,4,1,10,3,2.1,449.0
177,8,112,4,18.4,3,41,32,18,44,3,4.4,2799.0
178,6,113,2,15.6,3,3,8,9,45,3,1.9,813.0
179,2,77,5,13.3,15,9,8,3,9,3,1.29,1499.0
180,5,17,2,15.6,3,8,16,13,19,5,2.02,1049.0
181,5,10,1,13.3,3,9,8,3,9,3,1.23,1399.0
182,6,114,5,13.9,15,8,16,4,9,3,1.4,1849.0
183,10,91,2,15.6,5,3,8,1,3,3,2.0,793.0
184,12,115,2,15.6,6,9,8,3,8,2,1.95,1199.0
185,5,30,2,17.3,9,8,16,4,25,3,2.77,1549.0
186,5,116,2,15.6,17,26,16,4,17,3,2.06,2397.0
187,6,12,4,15.6,6,17,8,3,17,2,2.4,779.0
188,3,117,1,13.3,6,42,8,3,13,3,1.12,989.0
189,5,24,2,17.3,3,8,8,9,19,3,2.8,1085.0
190,6,118,5,14.0,18,13,16,19,3,3,1.42,2824.0
191,13,119,2,14.0,6,24,4,8,22,3,1.3,260.0
192,12,115,1,13.3,6,3,8,3,8,2,1.3,999.9
193,6,120,2,17.3,19,9,8,3,8,2,2.8,698.0
194,5,14,5,13.3,8,8,8,7,9,3,1.62,839.0
195,2,19,2,17.3,6,9,8,7,20,3,2.5,914.0
196,14,121,4,17.3,17,43,32,19,46,3,3.49,6099.0
197,2,35,2,13.3,3,9,8,4,9,3,1.49,959.0
198,2,122,4,17.3,6,26,16,12,17,3,3.35,1379.0
199,2,82,2,17.3,3,8,8,3,23,3,2.5,1045.0
200,5,27,4,15.6,20,26,16,18,24,3,2.65,1845.0
201,6,123,2,15.6,5,36,4,1,10,3,2.1,493.0
202,3,124,2,15.6,3,13,8,7,15,3,2.23,742.0
203,6,125,4,15.6,6,26,16,18,24,3,3.2,1749.0
204,5,126,6,15.6,21,44,16,12,47,3,2.8,3055.0
205,6,12,4,15.6,3,26,16,4,24,2,2.4,1398.0
206,5,7,2,15.6,22,15,6,7,3,3,2.3,439.0
207,5,10,1,13.3,15,8,8,3,9,3,1.21,1949.0
208,5,10,1,13.3,3,8,8,3,9,3,1.2,1449.0
209,6,53,2,15.6,5,3,8,3,3,3,2.2,597.0
210,3,127,2,15.6,3,26,8,7,17,5,2.4,779.0
211,4,128,4,17.3,3,26,16,12,17,3,2.9,1407.0
212,2,129,2,15.6,3,10,4,5,10,2,2.1,349.0
213,6,53,2,15.6,3,3,8,3,3,2,2.2,549.0
214,11,110,1,13.0,16,13,8,4,3,3,1.05,1499.0
215,5,49,1,13.3,6,8,8,3,19,3,1.4,931.88
216,6,130,2,17.3,19,3,8,7,35,2,2.8,589.0
217,2,76,2,14.0,3,8,8,3,20,3,1.63,1031.0
218,5,131,1,14.0,3,9,8,3,9,3,1.6,1149.0
219,5,14,5,13.3,9,8,16,4,9,3,1.62,1279.0
220,5,36,2,15.6,3,9,8,3,30,5,2.2,677.35
221,6,103,5,14.0,6,9,8,3,9,3,1.74,899.0
222,10,132,1,13.3,3,45,8,3,10,3,1.2,1363.0
223,2,25,2,15.6,3,9,8,7,9,3,2.1,794.0
224,5,133,4,17.3,6,26,16,12,24,3,4.42,2456.34
225,3,124,2,15.6,3,13,8,3,15,3,2.2,832.0
226,5,84,2,15.6,9,13,16,7,38,3,2.3,859.01
227,4,134,2,15.6,3,3,8,3,48,3,2.0,769.0
228,4,135,2,17.3,3,3,8,20,49,3,2.69,891.0
229,2,136,2,15.6,3,13,8,7,50,3,1.9,1269.0
230,4,137,2,15.6,5,15,4,7,3,3,2.37,398.99
231,2,138,2,15.6,5,46,4,5,18,3,2.1,330.0
232,6,125,4,15.6,6,26,16,12,24,3,3.2,1499.0
233,5,139,2,14.0,3,3,8,3,3,3,1.6,859.0
234,3,140,5,13.3,8,36,8,3,10,3,1.6,689.0
235,5,84,2,15.6,3,13,16,3,38,5,2.36,899.0
236,3,96,2,15.6,5,10,4,7,10,5,2.1,390.0
237,4,141,2,15.6,3,47,4,9,12,3,2.2,575.0
238,4,142,4,17.3,3,43,32,18,46,3,4.7,3890.0
239,3,143,4,15.6,6,17,8,3,17,3,2.5,846.0
240,6,31,2,15.6,5,10,8,1,10,3,2.2,589.0
241,4,144,2,17.3,3,8,8,9,25,3,2.1,1145.0
242,4,145,2,17.3,3,13,8,9,49,2,2.69,889.0
243,5,97,4,15.6,3,17,8,3,17,3,2.56,879.0
244,6,146,5,13.9,8,13,8,3,3,3,1.38,1079.0
245,5,17,2,15.6,3,8,8,21,19,3,2.2,985.0
246,2,147,2,15.6,22,3,8,7,3,3,2.04,559.0
247,4,148,4,17.3,3,43,16,3,46,3,3.6,2999.0
248,2,35,2,13.3,6,9,4,5,9,3,1.49,675.0
249,1,1,1,13.3,1,5,8,4,5,1,1.37,2040.0
250,5,105,5,15.6,8,8,8,7,9,3,2.08,819.0
251,4,149,4,17.3,3,26,16,12,51,3,4.3,1799.0
252,4,150,2,15.6,5,6,4,7,42,3,1.68,469.0
253,6,114,5,13.9,8,8,8,4,9,3,1.37,1849.0
254,3,60,2,17.3,6,25,4,3,33,3,3.0,702.0
255,5,151,1,13.3,3,9,8,3,9,3,1.41,949.0
256,2,152,2,15.6,5,48,8,1,29,3,1.91,445.9
257,2,153,2,17.3,6,8,16,7,8,3,2.9,1059.0
258,8,154,4,17.3,3,26,16,18,31,3,4.14,2499.0
259,6,155,5,15.6,8,26,8,4,40,3,2.0,1699.0
260,5,24,2,17.3,3,8,8,9,19,3,2.8,1142.0
261,6,31,2,15.6,3,10,4,3,10,2,2.2,444.0
262,2,25,2,15.6,6,9,4,5,3,3,2.1,722.0
263,5,156,2,15.6,3,3,4,7,3,3,2.18,657.0
264,5,7,2,15.6,3,3,8,7,12,3,2.24,565.0
265,5,105,5,15.6,9,9,8,3,9,3,2.67,799.0
266,4,104,5,13.3,9,8,8,22,9,3,1.1,1499.0
267,6,53,2,15.6,3,3,4,7,3,2,2.2,467.0
268,2,82,2,17.3,3,8,8,7,23,3,2.5,1018.0
269,6,157,2,15.6,3,8,8,3,9,3,2.05,880.0
270,1,1,1,13.3,1,49,8,4,52,1,1.37,1958.9
271,4,32,4,17.3,3,28,16,12,27,3,3.2,1549.0
272,5,36,2,15.6,3,8,8,3,30,5,2.14,735.07
273,6,158,5,14.0,18,50,16,4,10,3,1.36,2499.0
274,10,91,2,15.6,5,45,8,5,53,3,2.2,812.0
275,5,84,2,15.6,5,13,12,7,3,3,2.3,713.07
276,5,24,2,17.3,3,8,8,9,19,5,2.8,1099.0
277,3,29,2,15.6,6,8,8,7,33,3,2.2,745.0
278,6,159,2,17.3,19,10,4,7,10,3,2.8,489.0
279,6,120,2,17.3,3,8,8,15,8,2,2.8,849.0
280,6,130,2,17.3,19,13,6,9,15,3,2.8,859.0
281,5,7,2,15.6,3,51,4,7,12,5,2.25,428.0
282,6,12,4,15.6,6,17,8,3,17,3,2.5,829.0
283,6,160,2,15.6,3,3,6,3,3,3,2.2,579.0
284,3,107,2,15.6,6,8,8,3,8,3,3.0,951.0
285,3,161,2,15.6,8,13,12,7,3,3,2.15,659.0
286,6,162,2,15.6,6,13,8,3,54,3,1.95,1097.0
287,4,74,1,15.6,3,3,8,3,15,3,1.7,977.0
288,6,12,4,15.6,6,26,16,12,32,3,2.5,1179.0
289,6,9,2,15.6,3,13,8,7,15,2,2.2,659.01
290,3,163,2,15.6,5,52,2,23,21,8,2.19,199.0
291,4,164,4,17.3,3,26,8,7,17,3,3.0,1187.0
292,2,165,2,17.3,19,10,8,7,10,3,2.54,489.0
293,5,116,2,15.6,3,26,8,3,17,3,2.0,1829.0
294,6,166,2,15.6,3,9,8,3,9,3,2.05,739.0
295,6,125,4,15.6,6,26,8,7,24,3,3.2,1299.0
296,3,167,2,15.6,3,26,8,3,32,5,2.5,979.0
297,5,168,6,17.3,3,53,16,3,47,3,3.42,2884.86
298,6,169,2,15.6,3,54,6,7,55,3,2.4,499.0
299,4,170,1,15.6,3,13,16,4,15,3,1.63,1468.0
300,4,171,2,14.0,5,15,4,1,3,3,1.3,509.0
301,4,172,4,17.3,3,26,16,12,31,3,2.9,2122.0
302,6,130,2,17.3,19,3,6,7,56,3,2.8,649.0
303,6,53,2,15.6,5,3,8,15,15,2,2.2,549.0
304,4,173,4,15.6,3,26,8,9,32,3,2.5,1265.0
305,6,174,2,15.6,5,29,4,7,43,2,2.2,359.99
306,2,175,5,13.3,9,55,16,3,3,3,1.28,1975.0
307,10,91,2,15.6,6,45,8,3,53,3,2.2,1043.0
308,6,9,2,15.6,3,3,8,9,15,3,2.3,819.0
309,2,3,2,15.6,3,10,4,7,10,3,1.86,469.0
310,6,176,2,13.3,6,3,8,3,3,3,1.1,999.0
311,5,10,1,13.3,15,8,16,19,9,3,1.21,2499.0
312,8,177,4,15.6,6,26,16,12,31,3,2.8,2099.0
313,3,178,2,15.6,3,56,8,3,6,3,2.23,469.0
314,4,179,5,11.6,22,24,2,8,22,3,1.1,275.0
315,5,17,2,15.6,3,9,8,9,19,3,2.33,844.0
316,2,77,5,13.3,15,8,16,19,9,3,1.29,2449.0
317,6,180,2,13.3,5,57,4,24,57,8,1.45,459.9
318,2,181,2,14.0,3,3,8,3,3,3,1.95,980.0
319,3,182,2,11.6,5,58,4,2,58,3,1.4,485.0
320,2,183,2,14.0,3,13,8,3,3,3,1.48,1292.0
321,6,130,2,17.3,19,3,4,7,28,3,2.79,589.0
322,4,184,2,14.0,3,13,8,3,3,3,2.0,1094.0
323,2,25,2,15.6,23,8,8,7,9,3,2.1,902.0
324,3,60,2,15.6,5,59,8,3,59,3,2.2,659.0
325,6,23,2,14.0,5,24,4,8,22,3,1.44,292.0
326,3,185,2,15.6,5,3,6,7,3,3,2.23,549.0
327,4,74,1,15.6,3,13,8,3,15,3,1.7,1049.9
328,2,186,1,12.5,3,13,8,3,3,3,1.26,1335.0
329,5,116,2,15.6,17,26,32,19,17,3,2.06,2639.0
330,8,187,4,17.3,3,26,8,12,32,3,2.7,1199.0
331,10,91,2,15.6,6,3,8,3,3,3,2.0,943.0
332,4,188,2,14.0,3,13,8,12,3,3,2.0,1334.0
333,6,189,2,15.6,3,10,4,7,10,3,1.85,449.0
334,4,190,4,15.6,3,26,8,3,17,3,2.5,999.0
335,2,101,2,14.0,3,60,8,3,3,3,1.48,1268.0
336,5,78,1,15.6,6,9,8,9,15,3,1.9,1049.0
337,2,191,2,15.6,3,3,8,3,3,3,1.84,1144.0
338,4,192,2,15.6,5,24,4,7,22,5,2.0,274.99
339,5,78,2,15.6,3,9,8,3,15,3,2.0,1142.75
340,5,193,2,15.6,5,31,4,5,21,5,2.2,274.9
341,6,194,2,15.6,3,61,12,15,19,3,2.2,899.0
342,2,25,2,15.6,6,15,8,7,23,3,2.1,716.0
343,6,114,5,13.9,15,8,16,4,9,3,1.4,2099.0
344,5,10,1,13.3,3,8,8,3,9,3,1.2,1579.0
345,6,12,4,15.6,6,26,16,13,32,3,2.4,1129.0
346,2,195,2,14.0,5,31,2,8,16,3,1.44,279.0
347,5,18,1,15.6,3,20,16,25,9,3,1.88,1607.96
348,4,179,5,11.6,22,24,4,8,22,3,1.5,375.0
349,5,17,1,15.6,3,9,8,7,19,3,1.9,663.0
350,5,116,2,15.6,17,26,16,4,17,3,2.06,2027.42
351,2,191,2,15.6,3,13,8,3,3,3,1.84,1304.0
352,8,196,4,17.3,3,26,8,9,24,3,2.7,1409.0
353,2,197,6,15.6,3,26,8,3,47,3,2.6,1738.27
354,10,198,2,15.6,6,45,16,4,53,3,2.4,1403.0
355,5,17,2,15.6,3,8,8,21,19,3,2.02,970.9
356,6,174,2,15.6,5,24,4,7,22,2,2.2,321.99
357,5,27,4,15.6,3,17,8,7,17,3,2.65,999.0
358,5,7,2,15.6,22,3,8,15,3,3,2.36,557.37
359,5,199,2,14.0,3,60,8,3,3,3,1.36,1427.0
360,2,3,2,15.6,5,10,4,5,10,3,1.86,439.0
361,4,200,2,14.0,3,3,8,3,3,3,2.0,945.0
362,6,130,2,17.3,19,3,6,9,35,3,2.8,719.0
363,2,3,2,15.6,3,3,8,7,3,3,1.86,639.0
364,6,31,2,15.6,5,10,8,3,48,2,2.2,499.0
365,2,201,2,15.6,5,58,8,15,58,3,2.04,389.0
366,5,24,2,17.3,3,9,8,9,19,3,2.8,1085.0
367,6,12,4,15.6,6,17,8,9,17,2,2.4,809.0
368,5,84,2,15.6,3,13,8,3,38,3,2.33,899.0
369,2,202,1,14.0,6,13,8,3,3,3,1.36,1750.0
370,4,104,5,15.6,9,13,12,26,60,3,2.26,1099.0
371,3,4,2,15.6,5,6,4,1,6,3,2.1,426.0
372,4,32,4,17.3,6,28,16,12,27,3,3.25,2199.0
373,6,203,2,17.3,19,56,4,1,6,3,2.6,489.0
374,5,14,5,13.3,9,8,8,3,9,3,1.62,869.01
375,2,204,2,15.6,3,6,4,3,6,3,1.91,488.99
376,6,205,3,11.6,14,62,4,1,22,3,1.59,553.0
377,5,193,2,15.6,5,63,4,5,16,3,1.8,309.0
378,4,206,2,14.0,5,24,4,8,22,3,1.5,286.0
379,3,127,2,15.6,3,26,8,7,17,5,2.4,846.0
380,2,207,4,17.3,6,26,8,9,17,3,3.35,1191.0
381,6,208,2,15.6,3,10,4,1,10,2,1.85,403.5
382,4,209,4,15.6,6,26,8,9,24,3,2.3,1655.0
383,6,210,2,14.0,6,3,8,3,15,3,1.5,1099.0
384,4,211,1,13.3,9,13,16,4,3,3,1.1,1748.9
385,6,212,1,14.0,24,13,8,4,3,3,1.13,2282.0
386,6,213,2,13.3,6,15,4,1,3,3,1.5,549.0
387,5,214,6,15.6,3,64,8,5,61,3,2.23,1369.0
388,5,215,6,15.6,6,65,8,3,47,3,2.0,2135.0
389,6,158,5,14.0,18,13,16,4,3,3,1.42,2509.0
390,4,216,4,17.3,3,26,8,7,17,3,3.0,1039.0
391,4,217,4,17.3,3,26,16,12,32,3,3.0,1591.0
392,3,60,2,15.6,14,9,12,7,33,3,2.2,693.99
393,8,218,4,17.3,3,26,8,3,32,3,2.7,1349.0
394,5,84,2,15.6,3,13,8,3,38,5,2.33,778.87
395,2,219,1,15.6,3,6,4,3,30,3,1.91,499.0
396,6,220,2,15.6,6,8,8,3,39,3,2.1,1229.56
397,6,221,2,14.0,6,3,8,3,3,3,1.9,938.0
398,5,222,6,15.6,17,26,8,3,47,3,1.78,2712.0
399,6,212,1,14.0,24,13,16,19,3,3,1.13,2625.0
400,6,174,2,15.6,5,24,4,7,22,3,2.2,306.0
401,4,223,4,17.3,3,26,16,12,17,3,2.9,1529.0
402,6,220,2,15.6,6,9,8,12,39,3,2.1,1144.5
403,3,127,2,15.6,3,26,8,3,17,5,2.5,879.0
404,8,224,4,17.3,3,26,16,12,31,3,2.8,2249.0
405,4,225,1,14.0,3,13,8,4,3,3,1.1,1873.0
406,10,226,1,13.3,3,45,16,4,10,3,1.2,1747.0
407,5,199,1,14.0,3,55,8,4,21,3,1.36,1680.0
408,6,31,2,15.6,3,10,4,5,10,3,2.2,409.0
409,6,227,2,11.6,5,24,2,8,22,3,1.15,304.45
410,6,228,6,15.6,3,26,8,4,47,3,2.67,1925.0
411,6,229,1,14.0,25,26,8,4,60,3,1.7,1943.0
412,2,230,2,15.6,3,10,4,7,30,3,2.1,469.0
413,3,140,5,13.3,8,45,8,3,10,3,1.6,789.01
414,4,104,5,13.3,8,3,8,3,3,3,1.27,928.0
415,5,7,2,15.6,3,3,4,3,12,5,2.3,598.9
416,5,231,2,13.3,5,10,4,1,10,3,1.65,689.0
417,2,232,1,14.0,3,45,8,3,10,3,1.43,1500.0
418,5,7,2,15.6,5,3,8,7,3,3,2.14,539.95
419,6,90,1,14.0,6,8,8,3,39,3,1.75,1215.38
420,6,155,5,15.6,15,26,16,4,17,3,2.0,1899.0
421,7,233,2,12.3,26,62,6,11,22,3,1.4,449.0
422,2,234,2,15.6,3,53,8,3,54,3,2.31,1427.0
423,4,235,2,15.6,3,15,8,7,15,5,2.3,597.0
424,5,133,4,17.3,24,43,16,12,31,3,4.42,2799.0
425,5,27,4,15.6,6,26,8,9,32,3,2.62,1159.0
426,5,17,2,15.6,3,8,8,13,19,3,2.02,1142.4
427,5,236,1,14.0,3,55,8,3,3,5,1.6,1099.0
428,2,237,4,17.3,3,26,12,12,31,3,3.35,1999.0
429,15,238,5,11.6,8,24,4,14,22,3,1.16,299.0
430,16,239,3,11.6,5,31,4,24,16,8,1.15,269.0
431,6,240,2,13.3,6,13,8,3,3,3,1.4,1010.0
432,6,241,2,14.0,6,25,4,1,3,3,1.7,599.0
433,6,162,6,15.6,20,55,16,4,15,3,2.3,2445.0
434,6,242,2,15.6,3,53,16,4,62,3,2.5,2449.0
435,4,32,4,17.3,3,66,8,12,27,3,3.2,1695.0
436,2,243,2,15.6,5,31,4,5,16,3,2.1,347.0
437,17,244,1,12.3,27,67,16,4,13,8,1.1,2199.0
438,6,245,1,14.0,28,13,24,4,3,3,1.32,2382.0
439,4,38,2,15.6,3,3,4,3,3,5,2.0,559.0
440,6,56,2,17.3,19,23,8,7,63,3,2.8,519.0
441,5,17,2,15.6,3,9,4,3,19,3,2.2,749.0
442,6,246,1,12.5,6,3,8,3,3,3,1.36,1429.0
443,6,174,2,15.6,3,29,4,1,43,3,2.2,349.0
444,2,247,4,15.6,6,26,8,9,17,3,2.2,1099.0
445,5,236,2,14.0,3,68,8,3,20,3,1.64,1179.0
446,3,248,2,15.6,5,3,4,5,3,5,2.4,441.8
447,5,249,6,15.6,3,44,8,27,64,3,2.23,1993.0
448,8,250,4,15.6,3,17,8,3,17,3,2.2,1027.74
449,9,48,1,13.5,12,69,16,4,1,7,1.25,2589.0
450,2,251,2,15.6,5,3,8,1,3,3,1.91,589.0
451,5,249,6,15.6,6,65,16,3,64,3,2.17,1975.0
452,2,234,6,15.6,6,53,8,4,3,3,2.31,1534.0
453,6,252,2,14.0,3,3,8,3,3,3,1.65,1345.0
454,5,17,2,15.6,3,8,8,9,19,3,2.36,979.0
455,5,253,5,11.6,22,58,4,5,58,3,1.47,479.0
456,5,133,2,17.3,6,70,8,7,24,3,4.42,2046.0
457,9,48,1,13.5,12,71,4,1,13,7,1.252,989.0
458,9,48,1,13.5,12,69,8,3,1,7,1.25,1799.0
459,2,254,2,17.3,19,10,8,3,10,3,2.5,639.9
460,3,124,2,15.6,3,10,4,7,15,3,2.23,544.0
461,3,182,3,11.6,5,31,4,1,16,3,1.4,435.0
462,4,255,2,15.6,3,3,8,7,3,3,2.37,749.0
463,6,256,2,14.0,6,13,8,4,65,2,1.5,799.0
464,6,242,2,15.6,3,53,8,3,62,3,2.67,2090.0
465,4,257,2,15.6,5,29,4,5,22,3,2.0,304.0
466,3,60,2,15.6,5,10,4,5,35,3,2.2,469.0
467,5,17,2,15.6,3,9,8,15,19,3,2.02,759.0
468,2,258,4,17.3,6,26,12,7,24,3,3.78,1699.0
469,6,259,1,14.0,29,50,12,3,10,3,1.4,1858.0
470,2,77,5,13.3,15,8,8,4,9,3,1.29,1999.0
471,2,136,2,15.6,3,3,8,5,50,3,1.9,1154.0
472,17,244,1,12.3,27,72,8,1,13,8,1.1,1275.0
473,5,260,1,13.3,9,9,8,3,9,3,1.42,1841.85
474,4,44,2,15.6,20,73,12,9,66,3,2.06,1299.0
475,5,261,2,14.0,5,74,8,1,10,3,1.79,740.0
476,5,222,6,15.6,3,26,8,3,47,3,1.78,2408.0
477,6,73,2,14.0,3,3,8,28,3,3,1.7,1364.0
478,5,36,2,15.6,3,9,8,7,30,3,2.2,675.0
479,10,262,2,13.3,6,3,8,3,3,3,1.05,1672.0
480,5,78,2,15.6,6,8,8,4,15,3,2.16,1262.0
481,5,156,2,15.6,5,15,4,7,3,3,2.18,586.6
482,2,35,2,13.3,6,9,4,1,9,3,1.49,726.0
483,7,263,2,15.6,3,16,4,11,21,3,1.89,248.9
484,6,264,2,15.6,5,51,4,1,10,3,2.3,565.0
485,6,90,2,14.0,6,9,8,3,9,3,1.75,1049.0
486,5,249,6,15.6,6,65,16,4,64,3,2.17,2338.0
487,5,116,2,15.6,3,26,16,4,17,3,2.06,1899.0
488,6,265,1,12.5,6,13,16,4,3,3,1.36,1798.0
489,4,266,1,12.5,3,13,16,4,3,3,0.91,1950.0
490,6,267,2,15.6,6,3,8,3,15,3,2.3,1011.99
491,10,268,1,13.3,9,13,32,4,3,3,1.05,2799.0
492,4,144,4,15.6,3,26,8,9,17,3,1.99,1350.0
493,3,60,2,15.6,5,75,8,7,59,3,2.2,579.0
494,4,269,4,17.3,8,73,24,12,67,3,4.33,1269.0
495,6,270,1,12.5,14,36,8,28,10,3,1.3,1099.0
496,6,271,2,15.6,3,8,8,3,9,3,2.17,898.9
497,2,101,2,14.0,3,55,8,19,3,3,1.48,1749.0
498,6,180,2,13.3,6,15,8,3,3,3,1.4,949.0
499,6,272,2,15.6,6,3,8,3,3,3,2.3,911.0
500,4,273,3,11.6,5,24,4,11,22,7,1.2,340.0
501,2,274,2,15.6,5,3,8,3,30,3,1.91,618.99
502,6,114,5,13.9,8,9,8,3,9,3,1.4,1599.0
503,6,275,2,14.0,5,24,4,5,22,3,2.1,299.0
504,6,276,3,11.6,5,31,4,23,16,8,1.25,265.0
505,6,180,2,13.3,3,3,8,3,3,3,1.44,949.0
506,4,277,2,15.6,3,13,8,12,3,3,2.0,1224.0
507,3,278,2,15.6,6,9,4,7,8,3,2.2,613.0
508,2,279,1,13.3,6,13,8,4,3,3,1.34,1323.0
509,6,12,4,15.6,6,26,8,12,24,2,2.4,1149.0
510,5,10,1,13.3,8,3,8,1,3,3,1.29,899.0
511,3,29,2,15.6,3,13,4,5,15,3,2.2,639.0
512,5,280,2,15.6,3,3,8,7,3,3,2.18,836.0
513,5,17,2,15.6,3,8,16,13,19,3,2.2,1219.24
514,12,115,2,15.6,6,8,16,3,8,2,1.95,1399.95
515,4,281,3,11.6,5,24,2,8,22,3,1.1,245.0
516,2,282,2,15.6,22,9,4,7,9,3,2.04,521.47
517,4,283,4,15.6,3,26,24,4,68,3,2.24,2968.0
518,2,284,2,15.6,3,3,8,3,20,3,2.04,889.0
519,4,285,4,17.3,3,26,16,12,69,3,3.0,1504.0
520,6,125,4,15.6,6,26,8,12,24,3,3.2,1399.0
521,2,286,1,13.3,6,13,8,3,3,3,1.32,1399.0
522,5,236,2,14.0,3,60,8,3,3,3,1.64,1279.73
523,2,55,2,15.6,5,10,4,1,10,3,1.63,689.0
524,5,24,2,17.3,6,9,8,9,19,5,2.8,889.0
525,6,221,2,14.0,3,36,8,3,10,9,2.02,1340.0
526,6,9,2,15.6,3,13,4,7,28,3,2.2,799.0
527,6,31,2,15.6,5,10,8,15,48,2,2.2,459.0
528,5,7,2,15.6,3,3,4,5,12,3,2.3,585.0
529,5,287,2,15.6,3,68,8,3,3,3,1.9,1377.0
530,5,133,4,17.3,6,26,16,9,31,3,4.42,3012.77
531,10,91,2,15.6,6,3,8,5,3,3,2.0,860.0
532,4,288,2,15.6,20,13,8,12,70,3,2.0,1299.0
533,15,289,2,13.3,6,62,4,14,22,3,1.2,369.0
534,4,209,4,15.6,6,17,8,9,24,3,2.3,1649.0
535,5,287,2,15.6,3,55,8,3,20,3,1.93,1369.0
536,5,17,2,15.6,3,9,8,3,19,3,2.2,797.41
537,2,3,2,15.6,3,58,4,3,58,3,1.86,398.99
538,2,290,4,17.3,3,26,12,7,24,3,2.62,1799.0
539,6,291,2,14.0,6,13,8,3,15,3,1.87,859.0
540,5,10,1,13.3,13,8,8,3,9,3,1.2,1399.0
541,5,139,2,14.0,3,10,4,1,10,3,1.6,735.87
542,2,292,1,13.3,30,13,8,3,3,3,1.34,1145.0
543,3,127,4,15.6,3,17,8,7,17,5,2.4,798.0
544,4,293,2,15.6,5,76,4,5,71,3,2.0,349.0
545,2,25,2,15.6,3,15,4,1,3,3,2.1,705.5
546,6,294,2,14.0,3,3,4,5,3,3,1.87,785.0
547,6,295,2,15.6,3,36,4,7,10,2,2.15,462.35
548,2,3,2,15.6,3,10,4,5,10,3,1.86,397.0
549,6,296,2,15.6,6,13,8,4,3,3,1.99,1729.0
550,6,31,2,15.6,3,10,4,1,10,3,2.2,499.0
551,5,287,2,15.6,3,3,8,3,3,3,1.9,1116.99
552,5,133,4,17.3,6,26,16,12,31,3,4.42,2699.0
553,2,297,2,17.3,19,10,8,7,10,3,2.65,544.15
554,2,19,2,17.3,3,13,8,7,20,3,2.63,1280.0
555,4,298,2,15.6,5,24,4,5,22,5,2.0,224.0
556,15,299,2,13.3,6,16,4,8,21,3,1.35,255.0
557,6,130,2,17.3,19,13,6,9,15,3,2.8,949.0
558,2,300,2,15.6,6,47,6,1,19,3,1.91,568.9
559,5,156,2,15.6,5,10,4,7,42,3,2.18,617.9
560,3,301,5,11.6,8,77,4,8,22,3,1.25,349.0
561,6,302,2,15.6,3,25,4,1,3,3,2.05,630.0
562,2,303,1,13.3,31,37,16,4,41,3,1.16,1965.0
563,6,304,2,17.3,6,26,8,3,72,3,3.4,2999.0
564,4,305,2,15.6,3,17,8,9,17,3,2.5,839.0
565,5,10,1,13.3,15,9,8,1,9,3,1.21,1599.0
566,5,287,2,15.6,5,60,4,5,3,3,1.93,959.0
567,18,306,2,15.6,5,3,8,7,3,3,2.2,739.0
568,6,174,2,15.6,3,29,4,5,43,3,2.2,344.0
569,6,221,2,14.0,5,3,4,5,3,3,2.02,990.0
570,2,307,6,17.3,19,68,8,5,47,3,3.14,1860.99
571,2,308,2,14.0,5,58,8,15,58,3,1.94,389.0
572,2,309,2,15.6,6,78,6,3,19,3,1.95,649.0
573,6,267,2,15.6,3,3,8,3,3,3,2.3,830.0
574,6,310,2,15.6,3,9,4,5,3,3,2.05,685.0
575,15,311,2,14.0,3,16,4,14,21,3,1.4,249.0
576,10,312,1,14.0,9,13,16,4,3,3,1.24,1865.0
577,6,313,4,17.3,6,79,32,12,31,3,4.6,2663.0
578,8,314,4,17.3,3,43,16,18,31,3,4.14,2729.0
579,5,7,2,15.6,3,13,8,3,12,5,2.2,749.01
580,15,289,2,14.0,6,62,4,14,22,3,1.45,389.0
581,5,287,2,15.6,5,60,8,5,3,3,1.9,1008.52
582,2,35,2,13.3,3,15,4,1,3,3,1.49,719.0
583,5,287,2,15.6,3,55,16,3,20,3,1.93,1537.39
584,5,315,3,11.6,5,31,4,24,16,8,1.26,295.0
585,8,316,4,17.3,3,79,16,9,51,3,4.5,2349.0
586,2,317,4,17.3,6,26,16,12,17,3,3.78,1498.0
587,6,259,1,14.0,6,50,12,3,10,3,1.4,1673.0
588,6,318,2,15.6,22,8,12,7,3,3,2.2,609.0
589,4,209,4,17.3,6,17,8,9,24,3,2.73,1770.0
590,4,319,5,15.6,22,3,8,7,10,3,2.2,739.0
591,6,194,2,15.6,3,61,12,4,19,3,2.2,949.0
592,5,320,5,11.6,22,80,4,1,13,3,1.39,603.0
593,16,321,2,15.6,3,26,16,9,17,3,2.5,1699.0
594,6,322,2,17.3,3,10,4,5,10,2,2.8,529.0
595,6,323,2,15.6,5,74,8,7,10,3,2.29,459.0
596,6,75,5,13.3,8,13,8,4,3,3,1.37,2025.0
597,6,229,2,14.0,6,17,8,3,54,3,1.7,1474.0
598,5,324,5,12.5,9,3,8,3,3,3,1.34,1670.0
599,5,249,6,15.6,9,26,8,3,64,3,2.06,1763.0
600,2,325,2,15.6,3,13,8,3,3,3,1.84,1219.0
601,2,25,2,15.6,5,15,4,5,3,3,2.1,668.48
602,3,326,2,14.0,3,62,4,8,22,3,1.6,329.0
603,8,327,4,17.3,3,79,16,9,73,3,4.14,2199.0
604,5,156,2,15.6,5,10,4,7,42,5,2.18,465.0
605,8,328,4,15.6,21,26,16,13,24,3,1.8,2299.0
606,10,329,2,15.6,6,45,8,3,10,3,2.2,1399.0
607,6,330,2,15.6,3,3,6,7,3,3,2.4,564.0
608,6,155,5,15.6,8,26,8,3,54,3,2.0,1299.0
609,3,331,2,14.0,5,58,4,2,58,3,1.6,349.0
610,6,242,2,15.6,20,81,32,19,62,3,2.5,4899.0
611,5,332,4,15.6,3,73,16,7,74,3,2.59,879.01
612,5,156,2,15.6,5,51,4,7,10,5,2.18,443.9
613,5,7,2,15.6,5,51,4,7,10,5,2.25,359.0
614,5,287,2,15.6,5,60,4,5,3,5,1.93,869.0
615,4,333,4,17.3,3,26,8,9,17,3,3.0,1168.0
616,5,156,2,15.6,3,3,4,1,42,5,2.18,569.0
617,2,325,1,15.6,3,13,8,4,3,3,1.84,1389.0
618,8,334,4,15.6,3,26,16,12,31,3,2.94,2267.86
619,3,335,5,11.6,32,82,4,8,16,8,1.25,379.0
620,2,234,2,14.0,5,60,8,3,3,3,2.31,1124.0
621,6,252,2,14.0,3,36,8,3,10,9,1.65,1465.0
622,5,17,2,15.6,3,9,4,7,19,3,2.2,776.0
623,18,336,2,15.6,5,3,8,3,3,3,2.2,799.0
624,2,325,2,15.6,5,36,4,5,10,9,1.88,932.0
625,6,9,2,15.6,3,13,8,7,28,3,2.2,899.0
626,15,337,2,14.0,3,16,2,8,21,3,1.4,239.0
627,6,53,2,15.6,3,3,4,1,3,2,2.2,468.0
628,4,338,5,13.3,9,3,6,7,3,3,1.5,639.01
629,5,116,2,15.6,3,26,8,3,17,3,2.0,1820.0
630,4,339,1,14.0,3,13,16,4,3,3,1.1,1900.0
631,5,98,4,15.6,3,26,16,12,32,3,2.62,1479.0
632,6,340,2,15.6,3,9,4,3,9,3,1.8,829.0
633,6,341,2,15.6,3,10,4,7,48,3,2.2,579.0
634,4,342,2,15.6,5,24,8,7,22,3,2.0,399.0
635,4,144,2,15.6,3,17,8,7,17,3,1.99,906.62
636,5,10,1,13.3,13,9,8,3,9,3,1.23,1869.0
637,6,343,2,14.0,5,31,2,8,16,3,1.42,249.0
638,6,118,5,13.3,8,13,8,3,3,3,1.37,1757.42
639,5,116,2,15.6,17,26,16,19,17,3,2.06,2399.0
640,6,12,4,15.6,6,26,8,9,40,3,2.5,1109.0
641,2,344,2,17.0,19,6,8,7,6,3,2.6,520.9
642,6,158,1,14.0,6,13,16,4,3,3,1.14,2450.0
643,4,345,4,15.6,6,26,8,7,32,2,2.5,1169.0
644,3,346,2,15.6,5,10,4,5,10,3,2.4,450.0
645,6,343,2,14.0,5,31,4,8,21,3,1.43,274.0
646,3,6,1,14.0,6,3,8,3,75,3,1.8,919.0
647,14,121,4,14.0,3,26,16,3,24,3,1.95,2599.0
648,10,347,2,13.3,3,36,8,3,10,3,1.2,1213.0
649,6,265,1,12.5,6,13,8,3,3,3,1.36,1584.0
650,4,348,4,17.3,6,79,32,4,46,3,3.8,2799.0
651,3,349,4,15.6,3,17,8,7,17,5,2.4,709.0
652,5,10,1,13.3,3,9,8,3,9,3,1.2,1449.9
653,8,350,4,15.6,3,26,8,9,32,3,2.2,1191.8
654,2,3,2,15.6,5,10,4,5,10,2,1.86,364.9
655,10,351,2,15.6,6,3,8,5,3,3,2.0,1064.0
656,5,17,2,15.6,3,8,8,3,19,3,2.2,919.0
657,5,17,2,15.6,3,8,16,13,19,3,2.2,1135.0
658,6,352,4,15.6,6,73,8,9,76,3,3.31,1196.0
659,5,133,4,17.3,20,26,32,18,31,3,4.42,3147.37
660,5,353,2,14.0,3,83,8,3,10,3,1.56,1229.0
661,6,354,2,15.6,5,24,4,5,22,3,2.2,419.0
662,6,31,2,15.6,3,36,4,5,10,3,2.2,535.0
663,2,355,2,15.6,33,10,6,7,12,3,2.04,539.0
664,8,356,4,17.3,3,26,8,9,24,3,2.7,1486.77
665,10,91,2,15.6,5,84,4,1,10,3,2.1,498.0
666,5,357,2,15.6,3,3,8,7,3,3,2.06,955.0
667,2,358,2,15.6,3,13,8,7,19,3,2.1,745.0
668,10,359,2,15.6,6,3,8,3,3,3,2.0,1258.0
669,3,4,2,15.6,5,10,4,1,10,5,2.1,412.0
670,9,48,1,13.5,12,55,8,3,1,7,1.252,1867.85
671,6,360,2,15.6,3,3,8,9,12,3,1.9,817.95
672,6,361,5,13.3,8,3,8,3,3,3,1.3,1034.0
673,6,56,2,15.6,5,85,4,1,71,3,2.2,349.0
674,2,362,5,14.0,8,15,4,1,15,3,1.63,699.0
675,8,363,4,15.6,3,26,16,12,17,3,2.4,1294.0
676,4,225,1,14.0,3,3,8,3,3,3,1.1,1135.0
677,2,364,5,11.6,22,24,8,11,22,8,1.4,495.0
678,19,365,1,15.6,6,8,8,4,3,3,1.09,2299.0
679,3,366,4,15.6,3,17,16,3,32,3,2.5,1299.0
680,8,367,4,15.6,3,17,8,3,17,3,2.2,997.9
681,4,368,2,15.6,5,24,4,1,22,3,1.86,419.0
682,5,369,4,15.6,3,17,16,9,24,3,3.21,2051.0
683,2,370,2,17.3,6,10,4,3,77,3,2.5,699.0
684,6,371,5,13.3,8,8,8,4,9,3,1.19,1499.0
685,5,369,4,15.6,3,43,16,12,31,3,3.49,2813.75
686,2,3,2,15.6,5,3,4,5,30,3,1.86,612.61
687,5,7,2,15.6,5,10,4,7,12,3,2.2,545.67
688,2,372,2,17.3,6,54,6,15,78,3,2.65,569.0
689,6,373,2,15.6,5,57,4,5,57,3,2.1,318.0
690,3,374,2,14.0,5,57,4,8,57,8,1.45,375.0
691,6,375,2,14.0,3,3,4,3,3,3,1.7,699.0
692,2,307,6,17.3,3,26,8,5,47,3,3.14,1907.99
693,6,158,5,14.0,18,13,8,3,3,3,1.42,2590.0
694,10,91,2,13.3,6,3,8,3,3,3,1.5,973.0
695,3,376,3,11.6,5,86,4,8,21,3,1.4,269.0
696,6,146,5,14.0,9,13,16,4,3,3,1.38,1749.0
697,4,377,5,12.5,9,87,4,11,41,8,1.2,669.0
698,10,378,1,13.3,9,45,16,4,10,3,1.36,1877.0
699,2,379,2,15.6,6,13,4,5,19,3,2.1,689.0
700,5,97,4,15.6,3,17,8,7,17,3,2.56,819.0
701,6,56,2,15.6,3,88,4,3,19,3,2.2,399.0
702,6,194,2,15.6,5,61,8,7,79,3,2.2,429.0
703,6,380,2,15.6,3,3,4,29,3,3,2.1,621.45
704,6,381,2,15.6,5,10,4,5,10,2,1.9,450.0
705,5,280,2,15.6,3,3,8,3,3,3,2.18,795.0
706,3,63,5,13.3,8,9,8,3,9,3,1.6,999.0
707,6,382,6,15.6,3,45,16,4,80,9,2.18,1855.0
708,6,383,2,14.0,3,89,8,3,10,3,1.8,1191.0
709,2,384,2,17.3,6,75,6,15,19,3,2.71,655.01
710,6,12,4,15.6,6,26,8,9,32,3,2.5,1249.0
711,5,236,2,14.0,3,68,8,3,20,5,1.64,1089.0
712,5,280,2,15.6,3,3,8,7,3,5,1.98,726.0
713,4,206,2,14.0,3,24,4,8,22,3,1.5,298.0
714,5,287,2,15.6,3,60,16,4,3,3,1.93,1426.66
715,6,291,2,14.0,6,3,8,3,28,3,1.87,857.07
716,5,287,2,15.6,3,60,8,3,3,3,1.9,1179.0
717,6,385,2,15.6,5,90,4,5,63,3,2.19,298.0
718,15,386,2,14.0,34,91,4,30,16,3,1.4,265.0
719,2,19,2,17.3,3,13,8,3,20,3,2.63,1200.0
720,6,158,1,14.0,29,45,8,4,10,3,1.17,1686.64
721,2,362,5,13.3,32,3,8,3,3,3,1.58,836.6
722,6,245,1,14.0,6,3,8,3,3,3,1.32,1499.0
723,5,133,4,17.3,21,26,32,31,31,3,4.36,3659.4
724,8,187,4,17.3,3,26,8,9,32,3,2.7,1348.48
725,6,387,2,15.6,5,3,4,7,3,2,1.9,489.9
726,5,17,2,15.6,3,9,8,9,19,3,2.2,719.0
727,5,388,5,13.3,9,15,4,7,3,3,1.71,649.0
728,5,84,2,15.6,5,3,8,7,38,5,2.32,589.52
729,2,389,2,15.6,3,6,4,7,30,3,2.1,489.0
730,3,390,4,17.3,6,73,16,9,24,3,4.2,1935.0
731,5,7,2,15.6,5,3,12,7,3,3,2.25,649.0
732,2,391,2,15.6,3,78,6,9,30,3,2.1,650.0
733,3,392,2,15.6,5,3,4,5,3,3,2.4,559.0
734,6,180,2,13.3,6,3,8,3,3,3,1.44,960.0
735,6,393,2,15.6,3,13,4,7,3,3,1.85,779.0
736,2,394,6,15.6,3,26,16,3,81,3,2.6,2419.0
737,5,14,5,13.3,9,9,8,7,9,3,1.55,659.0
738,8,328,4,15.6,3,26,16,12,24,3,1.8,2094.48
739,3,248,2,15.6,5,10,4,5,10,3,2.4,410.8
740,5,395,2,15.6,3,13,8,9,15,3,2.0,1207.0
741,5,156,2,15.6,5,10,8,3,10,3,2.0,665.0
742,10,396,2,14.0,8,3,8,3,3,3,1.25,1535.0
743,6,397,5,14.0,9,3,8,3,3,3,1.7,999.0
744,6,398,6,15.6,20,55,16,19,80,3,2.5,3299.0
745,3,374,2,14.0,5,31,2,8,16,8,1.68,330.0
746,16,399,1,13.3,3,13,16,3,3,3,0.81,1649.0
747,2,3,2,15.6,3,10,8,3,10,3,1.86,539.0
748,5,236,2,14.0,5,3,8,3,3,3,1.6,1126.71
749,2,400,6,17.3,6,92,16,3,82,9,3.0,4389.0
750,6,401,3,11.6,22,31,4,1,16,3,1.4,475.0
751,2,325,2,15.6,3,83,8,3,10,3,1.84,1900.0
752,4,402,2,15.6,5,89,4,7,49,2,2.45,579.0
753,6,403,1,14.0,3,36,4,28,10,3,1.7,1096.0
754,4,404,2,15.6,5,13,4,3,3,3,2.37,849.9
755,6,405,5,13.3,31,93,8,3,83,3,1.3,1199.0
756,2,406,2,15.6,6,17,8,9,17,3,2.2,1099.0
757,2,394,6,15.6,3,73,8,3,84,9,2.59,1561.0
758,5,133,4,15.6,20,26,16,12,31,3,4.42,2868.99
759,3,4,2,15.6,5,3,4,3,3,3,2.1,599.0
760,6,12,4,15.6,6,26,8,9,17,3,2.5,1048.0
761,5,407,1,12.5,3,55,16,3,3,3,1.18,1859.0
762,17,244,1,12.3,27,72,8,3,13,8,1.1,1559.0
763,4,408,1,13.3,30,3,8,3,3,3,1.2,1129.0
764,5,231,2,13.3,5,10,4,5,10,3,1.65,849.0
765,3,409,2,13.3,5,36,4,1,10,3,1.6,655.0
766,4,410,2,17.3,5,29,4,7,28,3,2.8,470.34
767,5,332,4,15.6,35,73,16,9,70,3,2.72,1099.0
768,16,399,1,13.3,9,13,8,3,3,3,1.31,1599.0
769,3,108,2,15.6,5,29,4,7,43,5,2.1,298.0
770,5,84,2,15.6,3,13,16,3,38,3,2.3,1181.27
771,16,399,5,15.0,9,13,16,3,85,3,1.71,1799.0
772,10,411,2,14.0,14,36,4,1,10,3,1.75,1020.0
773,5,98,4,15.6,3,26,8,7,17,3,2.62,1099.0
774,2,412,1,12.5,5,36,4,3,10,3,1.26,1244.0
775,4,413,5,15.6,9,13,12,15,15,3,2.3,839.0
776,6,414,2,15.6,21,65,16,4,82,9,2.5,2370.0
777,3,6,2,14.0,6,15,4,1,3,3,1.8,636.0
778,14,121,4,14.0,3,26,16,4,24,3,1.95,2899.0
779,4,415,2,15.6,33,94,8,1,43,3,2.0,581.9
780,5,133,4,17.3,6,26,32,31,86,3,4.42,3588.8
781,4,416,4,17.3,6,73,16,12,31,3,4.3,2350.0
782,10,417,1,14.0,6,50,16,4,53,3,1.47,1764.0
783,6,418,2,15.6,5,95,8,7,58,2,2.2,329.0
784,6,245,1,14.0,3,13,16,4,3,3,1.7,2299.0
785,8,419,4,14.0,6,26,16,12,24,3,1.6,1891.0
786,8,420,4,15.6,3,17,8,9,17,3,2.2,1089.0
787,6,12,4,15.6,6,26,4,7,17,3,2.4,999.0
788,3,421,4,17.3,6,26,16,12,24,3,4.2,2299.0
789,5,98,4,15.6,3,17,8,3,17,3,2.62,985.0
790,4,422,4,15.6,3,26,8,9,87,3,2.24,1339.0
791,13,423,2,14.0,33,24,4,8,22,3,1.22,202.9
792,6,75,5,13.3,8,13,8,4,3,3,1.37,1970.0
793,6,424,5,15.6,9,3,8,3,65,3,2.08,959.0
794,1,8,1,12.0,7,96,8,32,88,4,0.92,1165.0
795,6,158,5,14.0,36,3,8,3,3,3,1.42,2330.0
796,4,425,2,14.0,5,24,4,8,22,3,1.63,299.0
797,5,357,2,15.6,5,3,8,1,3,3,1.95,810.0
798,6,146,5,13.9,8,13,8,3,3,3,1.38,1349.0
799,5,280,2,15.6,3,10,8,3,89,3,2.0,739.0
800,2,307,6,15.6,3,26,8,3,81,3,3.14,2064.9
801,4,426,2,15.6,3,3,8,3,3,3,2.37,1099.0
802,5,10,1,13.3,3,3,8,3,3,3,1.29,1499.0
803,5,116,2,15.6,17,17,8,3,17,3,2.06,1749.0
804,5,427,3,11.6,5,29,4,1,43,3,1.63,744.0
805,2,412,3,12.5,5,60,8,3,3,3,1.26,1389.0
806,10,91,2,15.6,5,36,4,5,10,3,2.1,780.0
807,2,428,2,15.6,5,97,8,15,90,3,2.04,629.0
808,5,98,4,15.6,21,26,16,4,32,3,2.62,1679.0
809,6,330,2,15.6,3,3,4,7,37,3,2.4,609.0
810,2,429,4,17.3,6,26,12,7,27,3,3.74,1749.0
811,8,95,4,17.3,3,26,16,18,31,3,2.9,2415.0
812,16,399,1,13.3,3,3,8,3,3,3,0.81,1499.0
813,5,280,2,15.6,3,13,8,7,60,3,1.98,961.0
814,5,156,2,15.6,3,3,8,3,42,3,2.18,789.81
815,6,430,1,14.0,3,13,8,3,3,3,1.32,1859.0
816,14,431,1,12.5,15,98,16,4,3,3,1.29,1799.0
817,2,315,3,11.6,5,31,4,24,16,8,1.23,385.0
818,5,133,4,17.3,6,26,16,9,24,3,4.36,2505.02
819,5,432,2,14.0,5,36,4,5,10,3,1.76,755.0
820,6,433,2,15.6,5,10,4,5,10,3,2.1,489.9
821,10,434,1,14.0,5,3,4,1,3,3,1.25,1090.0
822,6,212,1,14.0,6,13,8,4,3,3,1.13,2499.0
823,8,435,4,15.6,3,17,8,3,17,3,2.4,1199.0
824,6,158,1,14.0,6,3,8,6,3,3,1.13,1875.0
825,10,91,2,14.0,5,99,4,1,57,3,1.75,499.0
826,4,104,5,13.3,37,3,8,3,3,3,1.1,1358.0
827,5,432,2,14.0,5,10,4,5,10,3,1.76,585.0
828,3,315,3,11.6,14,31,4,8,16,8,1.35,355.0
829,3,6,2,14.0,6,15,8,1,3,3,1.5,619.0
830,14,121,4,17.3,17,43,32,4,46,3,3.49,5499.0
831,6,212,1,14.0,29,50,16,4,10,3,1.1,2099.0
832,4,38,2,15.6,3,3,4,7,91,5,2.1,519.0
833,6,403,2,14.0,3,36,8,3,10,3,1.7,1186.0
834,6,245,2,14.0,6,60,8,3,3,3,1.32,1650.0
835,5,369,4,15.6,3,26,16,12,31,3,3.21,2774.63
836,4,436,4,17.3,3,26,16,12,31,3,2.9,2419.0
837,10,91,2,15.6,5,15,4,5,3,3,2.0,669.0
838,6,437,2,14.0,5,82,4,24,16,8,1.5,325.0
839,4,438,2,15.6,3,3,8,33,3,3,2.3,590.0
840,4,439,4,17.3,3,73,16,18,24,3,2.73,1799.0
841,5,133,4,17.3,6,26,32,18,31,3,4.42,3072.89
842,2,19,2,17.3,19,3,8,7,20,3,2.63,910.0
843,5,156,2,15.6,5,3,8,1,3,3,2.18,713.99
844,2,101,1,14.0,3,45,8,4,10,9,1.54,1870.0
845,5,156,2,15.6,3,13,4,3,42,3,2.18,739.0
846,2,364,5,11.6,22,24,4,8,22,8,1.4,615.0
847,4,440,1,13.3,6,36,8,4,92,3,1.45,1026.0
848,2,175,5,13.3,9,3,8,3,3,3,1.28,2277.0
849,2,101,1,14.0,3,45,8,4,10,3,1.54,1468.0
850,2,3,2,15.6,5,31,4,1,16,2,1.86,299.0
851,4,441,4,15.6,3,26,16,9,24,3,2.1,1899.0
852,5,442,2,17.3,3,13,8,7,38,5,2.83,865.0
853,6,443,1,14.0,6,26,8,3,60,3,1.96,1903.0
854,4,444,2,15.6,6,13,8,3,93,3,2.3,787.0
855,5,287,2,15.6,3,3,8,1,3,3,1.9,945.0
856,4,445,2,15.6,5,29,4,7,43,3,2.0,449.0
857,2,175,5,13.3,9,55,8,3,3,3,1.28,2559.0
858,5,446,2,13.3,9,36,8,7,10,3,1.62,649.0
859,6,323,2,15.6,3,51,4,7,10,2,2.2,469.0
860,6,264,2,15.6,6,3,8,7,3,3,2.3,850.66
861,2,325,2,15.6,3,60,8,3,94,3,1.84,1349.0
862,10,447,2,13.3,3,3,4,1,3,3,1.05,1285.0
863,6,12,4,15.6,6,17,8,7,17,2,2.5,1017.0
864,5,10,1,13.3,13,69,16,4,1,3,1.29,2240.0
865,2,284,2,15.6,3,36,4,5,10,3,2.07,910.0
866,10,448,1,13.3,5,36,8,3,10,3,1.2,1095.0
867,6,75,5,13.3,8,13,8,3,3,3,1.37,1950.0
868,3,449,2,14.0,6,3,8,3,3,3,1.56,902.0
869,5,249,6,15.6,3,26,8,7,64,3,2.23,1778.0
870,6,272,2,15.6,5,3,4,5,3,3,2.38,1055.0
871,6,323,2,15.6,3,10,4,7,12,2,2.2,479.0
872,10,450,2,15.6,6,13,8,3,3,3,2.0,1388.0
873,6,240,2,13.3,6,15,4,28,3,3,1.44,735.0
874,16,399,1,15.0,3,13,16,3,15,3,1.23,1849.0
875,5,407,1,12.5,3,55,8,3,3,3,1.6,1690.0
876,4,451,2,15.6,5,29,4,7,43,5,2.0,398.99
877,12,115,1,13.3,6,36,8,3,15,3,1.28,935.0
878,5,280,2,15.6,3,3,4,9,15,3,2.18,912.5
879,2,25,2,15.6,3,3,4,3,3,3,2.04,839.0
880,2,175,5,13.3,9,3,4,3,3,3,1.28,1700.0
881,2,452,5,15.6,22,3,4,5,3,3,2.3,684.8
882,4,453,2,14.1,5,24,4,8,22,3,1.65,348.0
883,6,454,2,15.6,6,45,8,7,15,3,2.2,669.0
884,5,193,2,15.6,5,58,4,5,21,3,2.2,369.0
885,2,175,5,13.3,9,3,4,3,3,3,1.28,1799.0
886,5,156,2,15.6,5,51,4,7,89,5,2.18,455.7
887,4,455,4,17.3,3,17,12,9,17,3,2.2,1369.9
888,3,456,3,11.6,14,31,4,8,16,8,1.25,297.0
889,6,203,2,17.3,19,100,4,5,95,3,2.8,379.0
890,2,457,2,14.0,3,3,4,1,3,3,1.95,1265.0
891,2,458,5,13.3,13,13,16,3,3,3,1.42,1399.0
892,16,399,1,15.0,3,13,8,3,3,3,1.17,1699.0
893,6,245,1,14.0,6,3,8,3,3,3,1.32,1799.0
894,8,459,4,17.3,20,73,16,26,24,3,2.43,2649.0
895,10,460,2,13.3,3,3,8,3,3,3,1.05,1475.0
896,5,98,4,15.6,3,26,8,7,96,5,2.62,929.0
897,2,25,2,15.6,3,13,8,7,20,3,2.04,900.0
898,5,156,2,15.6,5,51,4,7,89,3,2.18,614.0
899,5,287,2,15.6,3,60,8,5,3,3,1.9,935.0
900,5,10,5,13.3,13,67,8,4,13,3,1.24,2013.1
901,4,461,4,17.3,6,79,32,10,51,3,3.58,1279.0
902,5,10,5,13.3,9,67,16,3,13,3,1.22,1649.0
903,6,158,1,14.0,6,13,8,6,3,3,1.13,2049.0
904,6,296,2,15.6,6,3,8,4,3,3,1.95,1962.99
905,19,462,1,15.6,8,13,16,4,3,3,1.08,2099.0
906,2,186,3,12.5,3,13,8,4,3,3,1.26,1483.0
907,3,463,2,15.6,6,52,4,24,21,8,2.2,359.0
908,6,352,2,15.6,6,89,8,9,70,3,2.6,789.0
909,19,464,1,14.0,8,13,8,4,3,3,0.98,1899.0
910,5,236,2,14.0,3,68,8,3,3,3,1.6,1205.0
911,2,465,1,12.5,17,37,8,34,41,3,1.09,3100.0
912,6,466,2,15.6,3,13,6,3,15,3,2.2,789.0
913,2,25,2,15.6,3,13,8,3,20,3,2.04,1018.99
914,3,185,2,15.6,3,15,4,7,3,3,2.4,499.0
915,6,180,2,13.3,3,3,4,1,3,3,1.44,881.0
916,2,61,2,13.3,3,3,8,3,3,3,1.49,960.0
917,8,467,4,17.3,3,26,16,12,32,3,2.7,1599.0
918,5,98,4,15.6,3,26,16,9,32,3,2.6,1349.0
919,8,435,4,15.6,3,17,8,9,17,3,2.2,1119.91
920,5,156,2,15.6,5,3,4,7,42,3,2.18,684.99
921,2,325,1,15.6,3,45,8,3,97,3,1.84,1296.99
922,2,468,1,13.3,13,13,8,3,3,3,1.39,1149.0
923,10,469,2,15.6,6,50,16,3,53,3,2.4,1975.0
924,6,75,5,13.3,8,3,8,4,3,3,1.37,1825.0
925,5,357,2,15.6,5,36,4,5,10,3,1.95,729.9
926,6,265,1,12.5,6,13,8,3,3,3,1.36,1650.0
927,2,470,2,15.6,3,36,8,3,10,3,2.31,1165.0
928,5,156,2,15.6,5,3,4,7,3,3,2.18,708.06
929,2,181,2,14.0,5,36,4,5,10,3,1.95,1149.0
930,6,174,2,15.6,5,29,4,7,43,3,2.2,309.0
931,2,412,1,12.5,3,36,4,5,10,3,1.26,1579.0
932,2,3,2,15.6,5,31,4,7,16,2,1.86,288.9
933,6,405,5,13.3,31,101,16,19,26,3,1.3,1799.0
934,10,471,2,14.0,6,36,4,1,10,3,1.47,1105.0
935,2,412,3,12.5,3,36,8,3,10,3,1.26,1669.0
936,5,156,2,15.6,5,51,4,7,10,3,2.18,558.6
937,8,472,4,15.6,3,26,8,9,17,3,2.2,1199.0
938,5,199,1,14.0,3,3,8,3,3,3,1.36,1639.0
939,5,133,4,17.3,28,79,16,18,46,3,4.36,2758.0
940,2,473,4,17.3,6,89,8,9,67,3,2.75,1399.0
941,4,474,2,17.3,19,58,4,7,28,3,2.8,530.0
942,3,475,2,15.6,5,3,4,5,3,3,2.23,619.0
943,10,476,2,15.6,5,36,8,3,10,3,2.2,1119.0
944,6,477,5,11.3,8,102,8,3,41,3,1.1,1299.0
945,6,478,4,15.6,6,103,16,18,98,3,2.5,999.0
946,5,407,1,12.5,9,3,8,3,21,3,1.36,1472.2
947,6,330,2,15.6,3,13,8,7,28,2,2.2,685.0
948,5,479,2,17.3,19,51,4,7,38,3,2.36,659.0
949,3,374,2,14.0,5,31,4,8,16,8,1.68,349.0
950,2,480,6,15.6,6,65,8,35,84,3,2.0,2249.0
951,5,199,1,14.0,3,55,8,3,3,3,1.36,1775.0
952,10,481,2,13.3,3,36,8,3,10,9,1.2,1460.0
953,4,377,5,12.5,3,104,8,11,41,8,1.2,1159.0
954,6,403,1,14.0,6,50,8,3,10,3,1.7,1488.99
955,5,133,4,17.3,20,26,16,18,31,3,4.36,3154.0
956,5,10,5,13.3,9,42,8,3,13,3,1.24,1899.0
957,2,482,5,11.6,22,29,4,3,43,3,1.45,775.0
958,5,10,1,13.3,38,45,8,3,10,3,1.3,1268.0
959,3,483,5,11.6,32,31,4,8,16,8,1.25,389.0
960,10,484,2,13.3,3,83,8,3,10,3,1.2,1535.0
961,6,246,1,12.5,6,60,8,3,3,3,1.36,1760.0
962,3,485,2,15.6,3,3,12,9,49,3,2.4,1009.0
963,10,486,1,12.5,9,13,8,4,3,3,1.1,1790.0
964,2,25,2,15.6,5,105,8,7,20,3,2.04,846.5
965,5,7,2,15.6,5,51,4,7,12,5,2.25,465.62
966,5,287,2,15.6,5,3,4,5,3,3,1.9,825.0
967,2,25,2,15.6,3,15,4,5,3,3,2.04,685.0
968,5,133,4,17.3,6,26,32,12,31,3,4.42,3149.0
969,6,330,2,15.6,3,3,6,3,28,3,2.4,695.0
970,5,10,5,13.3,13,67,16,4,13,3,1.22,1899.0
971,5,353,1,14.0,18,50,8,3,10,3,1.5,1962.98
972,5,133,4,17.3,3,73,32,12,31,3,4.42,2800.0
973,10,487,2,14.0,3,36,8,3,10,3,1.95,1180.0
974,4,32,4,17.3,3,26,16,12,24,3,2.73,2049.9
975,2,284,2,15.6,6,106,8,9,20,3,2.04,979.0
976,6,488,2,14.0,5,36,4,36,10,9,1.7,1002.0
977,4,489,5,15.6,17,13,16,26,49,3,2.3,1799.0
978,2,490,2,15.6,5,13,6,7,3,3,2.04,579.0
979,4,491,4,17.3,3,26,16,12,32,3,2.99,1749.0
980,5,492,5,15.6,8,13,12,4,3,3,2.19,1299.0
981,10,493,2,13.3,3,36,4,1,10,9,1.2,1195.0
982,6,194,2,15.6,3,61,6,3,19,3,2.2,549.0
983,18,494,2,15.6,5,36,4,3,10,3,2.3,649.0
984,10,495,2,14.0,5,36,4,5,10,3,1.75,915.0
985,5,7,2,15.6,5,3,4,5,12,3,2.25,599.0
986,2,284,2,15.6,3,3,8,7,3,3,2.04,806.0
987,6,12,4,15.6,6,26,8,9,24,3,2.5,1189.0
988,5,84,2,15.6,5,13,8,7,38,3,2.36,749.0
989,5,236,2,14.0,3,3,8,1,99,3,1.6,1119.0
990,2,93,3,12.5,3,37,8,4,41,3,0.97,1908.0
991,2,496,2,15.6,3,10,4,9,30,3,2.1,499.0
992,6,497,2,15.6,5,24,4,1,22,2,1.9,270.62
993,6,498,2,15.6,3,36,8,3,10,3,2.3,1349.0
994,5,388,5,13.3,9,3,8,3,3,3,1.68,889.0
995,4,499,2,13.3,38,3,8,3,3,3,1.4,1150.0
996,2,500,1,13.3,8,13,8,3,3,3,1.11,1349.0
997,3,501,2,15.6,5,29,4,5,43,3,2.4,380.0
998,4,502,4,15.6,3,26,16,12,32,3,2.5,1799.0
999,2,101,1,14.0,3,13,8,4,3,3,1.48,2089.0
1000,3,503,4,15.6,6,26,8,9,17,3,2.7,1260.0
1001,2,504,2,13.3,6,3,8,3,3,3,1.34,1189.0
1002,5,156,2,15.6,5,15,4,1,3,3,2.18,547.0
1003,2,76,2,14.0,5,3,4,5,3,3,1.64,779.0
1004,10,505,2,13.3,3,36,4,1,10,3,1.2,1195.0
1005,2,101,2,14.0,5,83,4,3,10,3,1.48,1099.99
1006,2,181,2,14.0,3,3,4,3,3,3,1.95,1205.0
1007,2,232,1,14.0,3,50,8,3,10,9,1.43,1449.0
1008,2,55,2,14.0,3,3,8,3,20,3,1.64,1049.26
1009,2,76,2,14.0,5,15,4,5,3,3,1.64,684.0
1010,5,98,4,15.6,3,17,8,17,17,3,2.65,949.0
1011,2,412,1,12.5,3,3,4,5,3,3,1.26,1539.0
1012,2,183,2,14.0,3,3,4,3,3,3,1.48,1590.0
1013,2,101,1,14.0,3,45,8,3,10,3,1.54,1887.21
1014,2,61,2,13.3,5,15,4,5,3,3,1.49,800.0
1015,10,506,2,13.3,5,36,8,3,10,3,1.5,1210.0
1016,2,25,2,15.6,5,15,4,3,3,3,2.04,769.99
1017,6,507,2,17.3,20,65,16,4,100,9,2.4,2968.0
1018,10,508,2,14.0,6,36,8,3,10,3,1.47,1490.0
1019,2,232,2,14.0,3,45,8,3,10,3,1.43,2229.0
1020,5,509,5,15.6,8,74,4,7,10,3,2.08,795.99
1021,10,510,1,13.3,3,36,8,3,10,3,1.2,1590.0
1022,2,511,2,13.3,6,3,8,3,3,3,1.11,1149.0
1023,2,55,2,14.0,3,13,8,3,20,3,1.64,1185.43
1024,5,512,2,15.6,3,83,8,5,10,3,2.09,1046.44
1025,2,186,1,12.5,5,3,4,3,3,3,1.26,1559.0
1026,2,234,2,14.0,5,3,4,5,3,3,2.31,1189.0
1027,2,181,2,14.0,5,3,4,5,3,3,1.95,1060.0
1028,5,10,1,13.3,13,3,8,3,3,3,1.29,1624.0
1029,2,82,2,17.3,3,3,8,3,20,3,2.63,1080.0
1030,2,55,2,14.0,5,3,4,3,3,3,1.64,973.0
1031,3,4,2,15.6,5,6,6,7,6,3,2.1,409.0
1032,8,50,4,17.3,3,26,8,9,17,3,2.7,1191.8
1033,2,457,2,14.0,3,36,8,3,10,9,1.95,1195.0
1034,2,325,2,15.6,3,45,8,3,10,3,1.84,1228.99
1035,2,412,1,12.5,3,45,8,3,10,3,1.26,1349.0
1036,2,25,2,15.6,5,3,4,5,3,3,2.04,742.0
1037,10,513,1,14.0,6,50,8,3,10,3,1.47,1725.0
1038,5,512,2,15.6,3,83,8,3,10,9,2.09,1062.95
1039,2,55,2,14.0,3,3,8,3,3,3,1.64,1010.51
1040,6,514,5,15.6,8,45,4,3,10,3,1.8,847.0
1041,13,515,2,14.0,5,107,2,8,16,3,1.45,210.8
1042,10,516,2,15.6,6,45,16,3,53,3,2.4,1425.0
1043,6,517,2,15.6,3,36,8,3,10,3,2.3,1049.6
1044,2,101,2,14.0,3,36,4,5,10,3,1.54,1000.0
1045,2,325,2,15.6,3,83,8,20,10,3,1.84,2103.34
1046,2,232,2,14.0,3,36,8,3,10,9,1.43,1469.0
1047,8,518,4,17.3,6,79,16,12,51,3,3.78,1545.64
1048,6,519,4,17.3,6,73,16,9,51,3,4.6,2289.99
1049,4,520,3,11.6,5,31,4,24,16,8,1.2,287.9
1050,6,158,2,14.0,24,50,16,3,10,9,1.1,2620.0
1051,2,521,2,15.6,6,13,8,7,15,3,1.91,979.0
1052,5,522,5,15.6,8,108,8,3,3,3,2.3,1094.0
1053,2,25,2,15.6,5,3,4,3,3,3,2.04,979.0
1054,5,10,1,13.3,13,13,16,19,3,3,1.2,2254.0
1055,2,234,2,15.6,5,74,4,5,10,3,2.31,705.15
1056,2,523,2,15.6,5,3,4,5,3,2,1.96,499.0
1057,3,524,2,15.6,5,56,8,7,6,3,2.4,449.0
1058,5,525,5,13.3,8,13,12,3,3,3,1.6,1299.0
1059,8,526,4,15.6,3,73,16,12,24,3,2.94,1819.0
1060,2,25,2,15.6,3,13,8,3,3,3,2.04,1070.0
1061,4,527,4,17.3,6,73,16,7,67,2,4.0,998.0
1062,5,7,2,15.6,3,3,4,7,21,3,2.25,559.0
1063,5,84,2,15.6,3,13,16,15,38,3,2.32,989.99
1064,8,528,4,15.6,3,73,16,12,24,3,1.8,1929.0
1065,5,10,1,13.3,3,13,8,3,3,3,1.29,1458.0
1066,4,529,4,17.3,6,79,64,19,101,3,3.58,3975.0
1067,5,446,5,13.3,9,45,8,3,10,3,1.62,798.01
1068,5,369,4,15.6,21,73,16,12,73,3,3.21,1329.0
1069,1,8,1,12.0,7,109,8,6,41,4,0.92,1300.0
1070,5,530,2,15.6,5,74,4,5,10,3,2.06,481.98
1071,2,234,2,15.6,5,36,4,5,10,3,2.31,1199.0
1072,2,412,1,12.5,3,36,8,3,10,9,1.26,1199.0
1073,2,35,2,13.3,3,13,8,3,3,3,1.49,1090.0
1074,6,75,1,12.5,8,45,8,3,10,3,1.3,1713.49
1075,6,531,2,17.3,19,36,8,37,102,3,3.0,659.0
1076,6,532,2,15.6,6,89,4,7,49,3,2.3,977.0
1077,8,533,4,17.3,3,26,16,12,31,3,3.78,2499.0
1078,6,534,2,15.6,5,36,4,5,10,3,2.1,540.0
1079,2,470,2,15.6,3,36,4,5,10,9,2.31,940.0
1080,6,535,1,12.5,36,37,8,4,41,3,0.99,1399.0
1081,6,519,4,17.3,6,79,32,38,51,3,4.6,3240.0
1082,6,34,5,10.1,11,30,4,11,16,3,0.69,646.27
1083,2,77,1,13.3,20,13,16,4,3,3,1.3,2049.0
1084,5,156,2,15.6,3,3,8,3,3,3,2.18,750.0
1085,2,101,2,14.0,3,36,4,5,10,9,1.54,1030.99
1086,2,136,6,15.6,3,45,8,3,103,9,1.9,1495.0
1087,6,488,2,14.0,3,36,8,28,10,9,1.7,1199.0
1088,2,536,2,13.3,38,110,4,8,41,8,1.29,615.0
1089,3,524,2,15.6,5,56,4,5,6,3,2.4,387.0
1090,5,193,2,15.6,5,111,4,5,21,5,2.2,393.49
1091,2,3,2,15.6,5,10,4,7,10,2,1.86,345.99
1092,4,537,4,17.3,6,26,8,12,24,3,2.7,1599.0
1093,5,49,1,13.3,6,9,4,3,19,3,1.4,818.35
1094,2,186,3,12.5,5,36,4,1,10,9,2.4,1599.0
1095,3,538,2,15.6,3,3,8,12,49,3,2.4,799.0
1096,5,84,2,15.6,3,3,8,7,38,3,2.36,638.8
1097,8,539,4,17.3,3,73,8,3,67,3,2.6,1599.0
1098,2,523,2,15.6,5,58,4,7,58,3,1.96,500.0
1099,4,540,4,17.3,6,73,16,9,51,3,4.3,2299.0
1100,5,541,1,12.5,5,74,4,5,10,9,1.5,1135.15
1101,5,541,1,12.5,5,74,4,1,10,9,1.5,1166.97
1102,3,542,2,15.6,5,52,4,23,21,8,2.2,209.0
1103,2,307,6,17.3,6,73,8,7,104,9,3.0,2899.0
1104,6,12,4,15.6,3,26,16,4,32,3,2.4,1199.0
1105,5,541,1,12.5,5,36,8,3,10,9,1.5,1413.1
1106,8,543,4,17.3,3,73,8,9,70,3,2.9,1511.19
1107,6,514,5,15.6,8,36,4,3,10,3,2.1,867.0
1108,2,544,2,15.6,3,23,4,7,63,3,2.1,398.0
1109,4,545,4,15.6,6,73,16,9,70,3,2.59,1339.0
1110,2,303,2,13.3,13,112,8,3,41,3,1.16,1699.0
1111,5,546,2,15.6,5,36,4,5,105,9,2.24,769.15
1112,6,547,2,15.6,5,51,4,1,10,3,2.1,429.0
1113,2,548,1,13.3,3,45,8,4,10,3,1.16,1969.0
1114,6,34,5,10.1,11,30,4,11,16,6,0.69,549.0
1115,5,10,1,13.3,3,34,8,3,1,3,1.23,1379.0
1116,6,519,4,17.3,6,79,16,39,51,3,4.6,2749.99
1117,14,431,1,12.5,39,45,8,3,10,3,1.25,1029.0
1118,10,549,1,13.3,3,13,16,4,3,3,1.05,2226.0
1119,4,550,4,17.3,3,73,8,9,70,3,3.52,1312.49
1120,13,551,2,13.3,3,107,4,8,16,3,1.35,196.0
1121,2,548,2,13.3,3,36,8,3,10,3,1.16,1690.0
1122,2,232,2,14.0,3,36,8,3,10,9,1.43,1513.0
1123,5,512,2,15.6,5,36,4,5,10,5,2.09,523.63
1124,4,38,2,15.6,5,15,4,7,3,3,2.0,435.0
1125,6,75,5,14.0,8,45,8,3,10,3,1.8,1669.0
1126,6,34,5,10.1,11,30,4,11,16,3,0.69,479.0
1127,2,412,1,12.5,5,83,8,3,10,9,1.26,1895.0
1128,6,12,4,15.6,6,17,8,9,24,2,2.4,989.0
1129,2,552,4,17.3,6,89,8,9,24,3,3.35,1129.0
1130,2,553,2,15.6,5,13,8,15,3,3,2.04,629.0
1131,6,554,5,14.0,8,50,8,4,106,9,1.8,2050.38
1132,4,555,2,14.0,5,24,4,8,22,3,1.5,278.0
1133,2,3,1,15.6,3,13,8,3,3,3,1.84,752.0
1134,3,124,2,15.6,3,3,4,7,15,3,2.23,616.0
1135,6,556,2,15.6,3,45,16,17,107,3,2.5,1099.0
1136,2,307,6,17.3,6,73,8,3,108,9,3.0,3949.4
1137,5,84,2,15.6,5,3,8,7,38,3,2.5,784.0
1138,8,518,4,17.3,3,65,16,12,51,3,3.78,2399.0
1139,2,325,1,15.6,3,45,8,3,10,9,1.88,2171.72
1140,6,158,5,14.0,36,50,16,4,10,3,2.8,2440.0
1141,8,557,4,15.6,3,26,8,9,17,3,2.4,1142.8
1142,2,548,5,13.3,9,83,8,3,10,3,1.48,1629.0
1143,2,394,6,15.6,6,73,8,3,84,9,2.59,2229.0
1144,2,548,5,13.3,18,50,8,3,10,3,1.48,1799.0
1145,2,480,6,15.6,3,73,8,3,84,9,2.0,1899.0
1146,2,412,1,12.5,3,113,8,3,10,9,1.26,2296.95
1147,5,280,2,15.6,3,13,8,3,15,3,2.18,1009.9
1148,2,325,2,15.6,3,36,8,3,10,9,1.88,1579.0
1149,6,158,5,14.0,36,45,8,3,10,3,1.27,2339.0
1150,6,558,2,15.6,5,51,4,7,10,2,1.9,339.0
1151,2,559,2,15.6,5,76,4,5,71,3,1.86,297.0
1152,6,560,2,15.6,3,36,8,7,102,2,2.32,599.0
1153,5,98,4,15.6,3,26,8,7,96,3,2.62,1199.0
1154,5,116,2,15.6,35,89,8,3,109,3,2.04,2250.68
1155,2,561,2,15.6,3,48,4,3,30,3,1.91,478.89
1156,8,562,4,17.3,3,26,16,12,32,3,2.7,1492.8
1157,6,563,1,14.0,3,50,12,4,10,9,1.4,2299.0
1158,6,564,2,15.6,3,36,8,17,102,3,2.5,788.49
1159,2,548,5,13.3,18,50,8,4,10,3,1.48,2041.0
1160,6,488,1,14.0,3,50,8,3,10,9,1.7,1499.0
1161,8,565,4,14.0,3,73,16,12,73,3,1.7,1769.0
1162,2,566,4,15.6,6,26,8,7,17,3,2.62,899.0
1163,6,567,2,15.6,5,51,8,7,10,3,2.2,459.0
1164,2,568,2,15.6,5,36,4,5,10,2,2.1,476.99
1165,5,98,4,15.6,21,26,8,9,32,3,2.62,1498.0
1166,6,296,2,15.6,6,3,8,3,3,3,1.95,1390.0
1167,6,569,2,15.6,3,10,4,7,48,3,2.2,468.0
1168,2,570,2,14.0,5,31,2,8,16,3,1.44,249.0
1169,8,571,4,15.6,6,13,8,7,17,3,2.2,839.0
1170,2,523,2,15.6,3,45,8,3,10,3,1.96,679.0
1171,2,25,2,15.6,3,8,16,4,9,3,2.1,1159.0
1172,4,572,2,15.6,5,86,4,5,21,3,2.2,369.0
1173,6,573,2,15.6,5,36,4,5,10,2,2.1,398.0
1174,6,466,2,15.6,3,13,8,7,15,2,2.2,709.0
1175,4,574,2,14.0,3,15,4,3,3,3,2.0,769.0
1176,6,575,2,15.6,3,45,4,17,10,9,2.32,825.0
1177,6,352,4,15.6,6,73,16,4,76,3,3.31,1305.0
1178,8,576,4,15.6,3,73,16,9,73,3,1.91,2153.37
1179,2,25,2,15.6,5,74,4,5,10,3,2.07,650.0
1180,6,158,5,14.0,36,36,8,3,10,3,1.36,1637.0
1181,6,330,1,15.6,3,13,6,3,37,3,1.54,831.0
1182,5,280,2,15.6,3,13,8,3,60,5,1.98,895.01
1183,3,4,2,15.6,5,114,4,5,22,3,2.1,333.0
1184,2,577,2,15.6,6,73,6,7,70,3,2.18,799.0
1185,4,578,4,15.6,6,73,8,12,70,3,2.591,909.0
1186,5,522,5,15.6,9,13,16,4,3,3,2.09,1179.0
1187,3,124,2,15.6,3,3,4,3,15,3,2.23,691.0
1188,5,10,1,13.3,13,83,8,3,10,5,1.23,1099.0
1189,3,421,4,17.3,6,26,16,12,31,3,4.2,2599.0
1190,6,12,4,15.6,6,17,8,7,17,3,2.4,819.0
1191,16,579,5,12.3,40,115,4,8,110,8,1.15,659.0
1192,2,3,2,15.6,5,3,4,5,3,3,1.86,485.0
1193,1,8,1,12.0,7,109,8,6,88,4,0.92,1163.0
1194,5,525,5,13.3,8,3,8,3,3,3,1.6,1199.0
1195,2,580,2,15.6,6,26,12,9,17,3,2.21,1327.0
1196,6,581,2,15.6,5,10,4,7,12,2,1.9,368.0
1197,4,582,4,17.3,6,73,16,18,51,3,4.3,2150.0
1198,3,4,2,15.6,5,114,4,7,22,5,2.1,272.0
1199,8,583,4,17.3,3,26,16,12,24,3,2.43,2048.9
1200,5,84,2,15.6,5,51,4,1,78,3,2.3,499.0
1201,6,567,2,15.6,5,45,8,5,28,2,2.2,629.0
1202,5,105,5,15.6,9,8,16,4,9,3,2.0,1285.0
1203,5,10,1,13.3,13,13,16,4,3,3,1.2,2680.0
1204,4,584,4,15.6,3,73,8,7,24,3,2.2,1169.0
1205,5,84,2,15.6,3,3,8,3,38,3,2.36,889.0
1206,2,585,2,15.6,5,3,8,3,3,3,1.91,579.0
1207,6,56,2,15.6,5,116,4,5,71,3,2.2,299.0
1208,3,586,2,17.3,19,51,8,7,15,3,3.3,629.0
1209,4,32,4,15.6,3,26,16,12,31,3,2.2,2449.0
1210,1,8,1,12.0,7,96,8,32,41,4,0.92,1279.0
1211,4,587,2,15.6,3,26,16,9,24,3,2.2,1749.0
1212,8,459,4,17.3,6,73,16,12,24,3,2.43,1948.99
1213,5,492,5,15.6,8,3,8,3,3,3,2.191,999.0
1214,4,209,4,17.3,3,26,16,12,24,3,2.9,1949.0
1215,3,588,3,11.6,5,52,2,14,21,8,1.3,174.0
1216,3,589,2,17.3,19,10,4,7,15,3,3.3,598.0
1217,6,130,2,17.3,19,3,8,7,3,2,2.8,539.0
1218,6,352,4,15.6,6,73,8,9,74,3,2.6,1272.0
1219,3,590,5,14.0,8,67,8,3,13,3,1.2,1149.0
1220,6,591,2,15.6,6,50,8,3,10,3,2.3,1529.0
1221,8,592,4,15.6,3,73,8,9,24,3,2.2,1476.11
1222,2,593,2,15.6,3,59,6,7,19,3,2.1,529.0
1223,5,594,1,12.5,9,83,8,3,10,9,1.26,1713.37
1224,5,522,5,15.0,9,15,4,5,3,3,2.08,509.0
1225,4,595,2,15.6,5,58,4,7,58,3,2.65,309.0
1226,5,10,1,13.3,13,13,8,3,3,3,1.29,1477.0
1227,5,156,2,15.6,5,3,4,7,10,5,2.18,521.86
1228,6,352,4,15.6,8,73,16,9,70,3,2.6,1029.0
1229,8,596,4,15.6,3,26,8,9,17,3,2.2,1149.0
1230,6,75,3,12.5,8,113,16,4,10,3,1.3,1650.0
1231,14,121,4,14.0,3,26,16,19,24,3,1.95,3499.0
1232,5,7,2,15.6,22,15,8,7,3,3,2.3,469.01
1233,8,597,4,17.3,3,26,16,12,24,3,2.7,1598.0
1234,1,16,1,11.6,5,19,4,6,2,4,1.08,959.0
1235,2,598,2,15.6,3,10,4,7,10,3,2.1,478.0
1236,2,101,1,14.0,28,45,8,3,10,9,1.54,2198.19
1237,5,546,2,15.6,5,36,4,5,10,9,2.24,737.0
1238,8,599,4,15.6,3,73,8,9,70,3,2.3,1169.0
1239,6,180,2,13.3,6,13,16,4,3,3,1.4,1499.0
1240,6,194,2,15.6,3,61,6,3,19,3,2.2,597.57
1241,4,600,1,13.3,3,45,8,3,10,3,1.45,1280.0
1242,3,248,2,15.6,5,51,4,5,10,5,2.4,361.8
1243,5,601,5,17.3,9,13,16,4,15,3,2.77,1799.0
1244,2,101,2,14.0,3,36,4,3,10,9,1.54,1099.99
1245,4,602,4,15.6,6,26,16,12,32,3,2.5,1600.0
1246,5,236,2,14.0,5,3,4,5,3,3,1.6,875.0
1247,4,603,4,15.6,6,73,16,12,31,3,2.34,2325.0
1248,6,604,2,15.6,6,3,8,3,3,2,2.3,573.0
1249,5,10,5,13.3,13,42,8,3,13,3,1.24,1813.0
1250,5,193,2,15.6,5,58,4,5,21,5,2.2,324.0
1251,2,13,2,15.6,5,23,4,5,29,3,1.86,399.0
1252,6,567,2,15.6,3,74,6,1,28,3,2.4,569.0
1253,6,605,2,14.0,6,36,8,3,10,3,1.9,1072.0
1254,5,193,2,15.6,5,111,4,5,21,3,2.2,443.99
1255,4,606,2,15.6,5,24,4,7,22,3,2.0,339.0
1256,4,607,4,17.3,6,73,16,9,73,3,4.0,1900.0
1257,5,156,2,15.6,5,10,4,5,10,3,2.29,490.0
1258,6,608,2,15.6,3,45,8,17,102,9,2.32,895.0
1259,8,609,4,15.6,3,73,8,9,70,3,2.4,1229.0
1260,6,610,5,14.0,9,36,4,1,10,3,1.8,833.01
1261,4,611,1,13.3,6,117,8,4,41,3,1.2,729.0
1262,5,7,2,15.6,5,15,6,7,3,3,2.3,459.0
1263,3,612,2,15.6,5,31,4,5,16,5,2.4,289.0
1264,5,193,2,15.6,5,86,2,5,21,3,2.2,379.0
1265,6,352,2,15.6,6,73,8,7,70,3,2.6,899.0
1266,2,613,2,15.6,3,118,6,17,78,3,2.04,549.99
1267,5,7,2,15.6,5,13,8,7,12,5,2.3,805.99
1268,2,614,3,11.6,5,31,2,8,16,3,1.17,209.0
1269,4,615,2,15.6,5,45,4,5,37,3,2.2,720.32
1270,6,616,5,14.0,8,45,4,1,10,3,1.8,638.0
1271,6,405,5,13.3,31,45,16,4,10,3,1.3,1499.0
1272,6,343,2,14.0,5,86,2,11,21,3,1.5,229.0
1273,2,617,2,15.6,5,45,6,7,102,3,2.19,764.0
1274,4,618,2,15.6,5,86,4,5,21,3,2.2,369.0
